画像あり,公式サイト形式のファイル名,カードID形式のファイル名,カードID,収録弾/収録,No,カード名,種類,色
○,01_001.png,1-1.png,1-1,ブースター,1,織田信長,イジン,赤
○,01_010.png,1-10.png,1-10,ブースター,10,徳川家康,イジン,赤
○,01_011.png,1-11.png,1-11,ブースター,11,直江兼続,イジン,赤
○,01_012.png,1-12.png,1-12,ブースター,12,藤原頼通,イジン,赤
○,01_013.png,1-13.png,1-13,ブースター,13,北条政子,イジン,赤
○,01_014.png,1-14.png,1-14,ブースター,14,ジョージ・アームストロング・カスター,イジン,赤
○,01_015.png,1-15.png,1-15,ブースター,15,中臣鎌足,イジン,赤
○,01_016.png,1-16.png,1-16,ブースター,16,マルクス・アントニウス,イジン,赤
○,01_017.png,1-17.png,1-17,ブースター,17,藤原道長,イジン,赤
○,01_018.png,1-18.png,1-18,ブースター,18,源頼朝,イジン,赤
○,01_019.png,1-19.png,1-19,ブースター,19,ガイウス・ユリウス・カエサル,イジン,赤
○,01_002.png,1-2.png,1-2,ブースター,2,クレオパトラ,イジン,赤
○,01_020.png,1-20.png,1-20,ブースター,20,ハンス・アクセル・フォン・フェルセン,イジン,青
○,01_021.png,1-21.png,1-21,ブースター,21,鑑真,イジン,青
○,01_022.png,1-22.png,1-22,ブースター,22,ジャンヌ・ダルク,イジン,青
○,01_023.png,1-23.png,1-23,ブースター,23,ドナテッロ,イジン,青
○,01_024.png,1-24.png,1-24,ブースター,24,孔子,イジン,青
○,01_025.png,1-25.png,1-25,ブースター,25,始皇帝,イジン,青
○,01_026.png,1-26.png,1-26,ブースター,26,メアリー1世,イジン,青
○,01_027.png,1-27.png,1-27,ブースター,27,玄宗,イジン,青
○,01_028.png,1-28.png,1-28,ブースター,28,シャルル7世,イジン,青
○,01_029.png,1-29.png,1-29,ブースター,29,フランシスコ・ザビエル,イジン,青
○,01_003.png,1-3.png,1-3,ブースター,3,マルティン・ルター,イジン,青
○,01_030.png,1-30.png,1-30,ブースター,30,チンギス・ハン,イジン,青
○,01_031.png,1-31.png,1-31,ブースター,31,ミケランジェロ,イジン,青
○,01_032.png,1-32.png,1-32,ブースター,32,マリー・アントワネット,イジン,青
○,01_033.png,1-33.png,1-33,ブースター,33,千利休,イジン,緑
○,01_034.png,1-34.png,1-34,ブースター,34,狩野永徳,イジン,緑
○,01_035.png,1-35.png,1-35,ブースター,35,安倍晴明,イジン,緑
○,01_036.png,1-36.png,1-36,ブースター,36,吉田兼好,イジン,緑
○,01_037.png,1-37.png,1-37,ブースター,37,蘆屋道満,イジン,緑
○,01_038.png,1-38.png,1-38,ブースター,38,鴨長明,イジン,緑
○,01_039.png,1-39.png,1-39,ブースター,39,ヨハン・ゼバスティアン・バッハ,イジン,緑
○,01_004.png,1-4.png,1-4,ブースター,4,クリストファー・コロンブス,イジン,青
○,01_040.png,1-40.png,1-40,ブースター,40,大伴家持,イジン,緑
○,01_041.png,1-41.png,1-41,ブースター,41,フランツ・ペーター・シューベルト,イジン,緑
○,01_042.png,1-42.png,1-42,ブースター,42,空海,イジン,緑
○,01_043.png,1-43.png,1-43,ブースター,43,清少納言,イジン,緑
○,01_044.png,1-44.png,1-44,ブースター,44,ルートヴィヒ・ヴァン・ベートーヴェン,イジン,緑
○,01_045.png,1-45.png,1-45,ブースター,45,行基,イジン,緑
○,01_046.png,1-46.png,1-46,ブースター,46,武者の蔵,ハイケイ,赤
○,01_047.png,1-47.png,1-47,ブースター,47,純白の塔,ハイケイ,青
○,01_048.png,1-48.png,1-48,ブースター,48,円形闘技場,ハイケイ,青
○,01_049.png,1-49.png,1-49,ブースター,49,巨大古墳,ハイケイ,緑
○,01_005.png,1-5.png,1-5,ブースター,5,ヴォルフガング・アマデウス・モーツァルト,イジン,緑
○,01_050.png,1-50.png,1-50,ブースター,50,魔除けの社,ハイケイ,緑
○,01_051.png,1-51.png,1-51,ブースター,51,冨嶽三十六景,ハイケイ,緑
○,01_052.png,1-52.png,1-52,ブースター,52,バレット,ハイケイ,赤
○,01_053.png,1-53.png,1-53,ブースター,53,チャンピオン,マホウ,赤
○,01_054.png,1-54.png,1-54,ブースター,54,ファイナルアタック,マホウ,赤
○,01_055.png,1-55.png,1-55,ブースター,55,ストーム,マホウ,青
○,01_056.png,1-56.png,1-56,ブースター,56,リバイバル,マホウ,青
○,01_057.png,1-57.png,1-57,ブースター,57,エイジング,マホウ,緑
○,01_058.png,1-58.png,1-58,ブースター,58,カンテラ,マリョク,赤
○,01_059.png,1-59.png,1-59,ブースター,59,ファイアソード,マリョク,赤
○,01_006.png,1-6.png,1-6,ブースター,6,紫式部,イジン,緑
○,01_060.png,1-60.png,1-60,ブースター,60,髭切,マリョク,赤
○,01_061.png,1-61.png,1-61,ブースター,61,レッドオーブ,マリョク,赤
○,01_062.png,1-62.png,1-62,ブースター,62,ウォーターポット,マリョク,青
○,01_063.png,1-63.png,1-63,ブースター,63,アイスソード,マリョク,青
○,01_064.png,1-64.png,1-64,ブースター,64,羅針盤,マリョク,青
○,01_065.png,1-65.png,1-65,ブースター,65,ブルーオーブ,マリョク,青
○,01_066.png,1-66.png,1-66,ブースター,66,ポプリ,マリョク,緑
○,01_067.png,1-67.png,1-67,ブースター,67,ウッドスタッフ,マリョク,緑
○,01_068.png,1-68.png,1-68,ブースター,68,万葉集,マリョク,緑
○,01_069.png,1-69.png,1-69,ブースター,69,グリーンオーブ,マリョク,緑
○,01_007.png,1-7.png,1-7,ブースター,7,マーサ・ジェーン・カナリー,イジン,赤
○,01_070.png,1-70.png,1-70,ブースター,70,ビスマルク,イジン,赤
○,01_071.png,1-71.png,1-71,ブースター,71,ミュンツァー,イジン,赤
○,01_072.png,1-72.png,1-72,ブースター,72,大江広元,イジン,赤
○,01_073.png,1-73.png,1-73,ブースター,73,グスタフ2世アドルフ,イジン,青
○,01_074.png,1-74.png,1-74,ブースター,74,オリバー・クロムウェル,イジン,青
○,01_075.png,1-75.png,1-75,ブースター,75,衛青,イジン,青
○,01_076.png,1-76.png,1-76,ブースター,76,シーボルト,イジン,緑
○,01_077.png,1-77.png,1-77,ブースター,77,乾隆帝,イジン,緑
○,01_078.png,1-78.png,1-78,ブースター,78,小野好古,イジン,緑
○,01_079.png,1-79.png,1-79,ブースター,79,アレッサンドロ・ヴァリニャーノ,イジン,緑
○,01_008.png,1-8.png,1-8,ブースター,8,明智光秀,イジン,赤
○,01_080.png,1-80.png,1-80,ブースター,80,角倉了以,イジン,緑
○,01_009.png,1-9.png,1-9,ブースター,9,藤原純友,イジン,赤
○,B_001.png,1-B1.png,1-B1,知と美の革命デッキ,B1,レオナルド・ダ・ヴィンチ,イジン,青
○,B_010.png,1-B10.png,1-B10,知と美の革命デッキ,B10,革命の広場,ハイケイ,青
○,B_011.png,1-B11.png,1-B11,知と美の革命デッキ,B11,フリート,ハイケイ,青
○,B_012.png,1-B12.png,1-B12,知と美の革命デッキ,B12,ドローイング,マホウ,青
○,B_013.png,1-B13.png,1-B13,知と美の革命デッキ,B13,ブルーストーン,マリョク,青
○,B_002.png,1-B2.png,1-B2,知と美の革命デッキ,B2,ヴァスコ・ダ・ガマ,イジン,青
○,B_003.png,1-B3.png,1-B3,知と美の革命デッキ,B3,好太王,イジン,青
○,B_004.png,1-B4.png,1-B4,知と美の革命デッキ,B4,フェルディナンド・マゼラン,イジン,青
○,B_005.png,1-B5.png,1-B5,知と美の革命デッキ,B5,ラファエロ・サンティ,イジン,青
○,B_006.png,1-B6.png,1-B6,知と美の革命デッキ,B6,ジャン・カルヴァン,イジン,青
○,B_007.png,1-B7.png,1-B7,知と美の革命デッキ,B7,武帝,イジン,青
○,B_008.png,1-B8.png,1-B8,知と美の革命デッキ,B8,楊貴妃,イジン,青
○,B_009.png,1-B9.png,1-B9,知と美の革命デッキ,B9,モナ・リザ,ハイケイ,青
○,G_001.png,1-G1.png,1-G1,日本の大天才デッキ,G1,出雲の阿国,イジン,緑
○,G_010.png,1-G10.png,1-G10,日本の大天才デッキ,G10,毘盧遮那仏像,ハイケイ,緑
○,G_011.png,1-G11.png,1-G11,日本の大天才デッキ,G11,グロウ,マリョク,緑
○,G_012.png,1-G12.png,1-G12,日本の大天才デッキ,G12,ギャザリング,マホウ,緑
○,G_013.png,1-G13.png,1-G13,日本の大天才デッキ,G13,グリーンストーン,マリョク,緑
○,G_002.png,1-G2.png,1-G2,日本の大天才デッキ,G2,卑弥呼,イジン,緑
○,G_003.png,1-G3.png,1-G3,日本の大天才デッキ,G3,アテルイ,イジン,緑
○,G_004.png,1-G4.png,1-G4,日本の大天才デッキ,G4,紀貫之,イジン,緑
○,G_005.png,1-G5.png,1-G5,日本の大天才デッキ,G5,阿倍仲麻呂,イジン,緑
○,G_006.png,1-G6.png,1-G6,日本の大天才デッキ,G6,葛飾北斎,イジン,緑
○,G_007.png,1-G7.png,1-G7,日本の大天才デッキ,G7,藤原定家,イジン,緑
○,G_008.png,1-G8.png,1-G8,日本の大天才デッキ,G8,最澄,イジン,緑
○,G_009.png,1-G9.png,1-G9,日本の大天才デッキ,G9,阿弥陀堂,ハイケイ,緑
○,R_001.png,1-R-1.png,1-R-1,伝説の武将デッキ,R-1,上杉謙信,イジン,赤
○,R_010.png,1-R-10.png,1-R-10,伝説の武将デッキ,R-10,連なる天守閣,ハイケイ,赤
○,R_011.png,1-R-11.png,1-R-11,伝説の武将デッキ,R-11,ロイヤリティ,マホウ,赤
○,R_012.png,1-R-12.png,1-R-12,伝説の武将デッキ,R-12,デスペラード,マホウ,赤
○,R_013.png,1-R-13.png,1-R-13,伝説の武将デッキ,R-13,レッドストーン,マリョク,赤
○,R_002.png,1-R-2.png,1-R-2,伝説の武将デッキ,R-2,源義経,イジン,赤
○,R_003.png,1-R-3.png,1-R-3,伝説の武将デッキ,R-3,武田勝頼,イジン,赤
○,R_004.png,1-R-4.png,1-R-4,伝説の武将デッキ,R-4,ヴラド・ツェペシュ,イジン,赤
○,R_005.png,1-R-5.png,1-R-5,伝説の武将デッキ,R-5,坂上田村麻呂,イジン,赤
○,R_006.png,1-R-6.png,1-R-6,伝説の武将デッキ,R-6,楠木正成,イジン,赤
○,R_007.png,1-R-7.png,1-R-7,伝説の武将デッキ,R-7,ジェームズ・バトラー・ヒコック,イジン,赤
○,R_008.png,1-R-8.png,1-R-8,伝説の武将デッキ,R-8,アレクサンドロス大王,イジン,赤
○,R_009.png,1-R-9.png,1-R-9,伝説の武将デッキ,R-9,神剣眠る氏社,マリョク,赤
○,02_001.png,2-1.png,2-1,第2弾ブースター,1,天草四郎,イジン,赤
○,02_010.png,2-10.png,2-10,第2弾ブースター,10,栄西,イジン,赤
○,02_011.png,2-11.png,2-11,第2弾ブースター,11,道元,イジン,赤
○,02_012.png,2-12.png,2-12,第2弾ブースター,12,足利義昭,イジン,赤
○,02_013.png,2-13.png,2-13,第2弾ブースター,13,毛利輝元,イジン,赤
○,02_014.png,2-14.png,2-14,第2弾ブースター,14,北条時政,イジン,赤
○,02_015.png,2-15.png,2-15,第2弾ブースター,15,北条時宗,イジン,赤
○,02_016.png,2-16.png,2-16,第2弾ブースター,16,シャルル・ド・モンテスキュー,イジン,青
○,02_017.png,2-17.png,2-17,第2弾ブースター,17,ジャン＝ジャック・ルソー,イジン,青
○,02_018.png,2-18.png,2-18,第2弾ブースター,18,エカチェリーナ2世,イジン,青
○,02_019.png,2-19.png,2-19,第2弾ブースター,19,ジョン・ロック,イジン,青
○,02_002.png,2-2.png,2-2,第2弾ブースター,2,ピョートル大帝,イジン,青
○,02_020.png,2-20.png,2-20,第2弾ブースター,20,洪秀全,イジン,青
○,02_021.png,2-21.png,2-21,第2弾ブースター,21,ジェームズ＝ワット,イジン,青
○,02_022.png,2-22.png,2-22,第2弾ブースター,22,日蓮,イジン,青
○,02_023.png,2-23.png,2-23,第2弾ブースター,23,李舜臣,イジン,青
○,02_024.png,2-24.png,2-24,第2弾ブースター,24,山田長政,イジン,青
○,02_025.png,2-25.png,2-25,第2弾ブースター,25,運慶,イジン,緑
○,02_026.png,2-26.png,2-26,第2弾ブースター,26,ハリエット・ビーチャー・ストウ,イジン,緑
○,02_027.png,2-27.png,2-27,第2弾ブースター,27,コシャマイン,イジン,緑
○,02_028.png,2-28.png,2-28,第2弾ブースター,28,狩野山楽,イジン,緑
○,02_029.png,2-29.png,2-29,第2弾ブースター,29,徳川家光,イジン,緑
○,02_003.png,2-3.png,2-3,第2弾ブースター,3,エイブラハム・リンカン,イジン,緑
○,02_030.png,2-30.png,2-30,第2弾ブースター,30,徳川綱吉,イジン,緑
○,02_031.png,2-31.png,2-31,第2弾ブースター,31,東洲斎写楽,イジン,緑
○,02_032.png,2-32.png,2-32,第2弾ブースター,32,曹操,イジン,黄
○,02_033.png,2-33.png,2-33,第2弾ブースター,33,張角,イジン,黄
○,02_034.png,2-34.png,2-34,第2弾ブースター,34,劉備,イジン,黄
○,02_035.png,2-35.png,2-35,第2弾ブースター,35,司馬懿,イジン,黄
○,02_036.png,2-36.png,2-36,第2弾ブースター,36,足利義政,イジン,黄
○,02_037.png,2-37.png,2-37,第2弾ブースター,37,姜維,イジン,黄
○,02_038.png,2-38.png,2-38,第2弾ブースター,38,裴松之,イジン,黄
○,02_039.png,2-39.png,2-39,第2弾ブースター,39,陳寿,イジン,黄
○,02_004.png,2-4.png,2-4,第2弾ブースター,4,アイザック・ニュートン,イジン,黄
○,02_040.png,2-40.png,2-40,第2弾ブースター,40,足利尊氏,イジン,黄
○,02_041.png,2-41.png,2-41,第2弾ブースター,41,カール・マルクス,イジン,黄
○,02_042.png,2-42.png,2-42,第2弾ブースター,42,足利義満,イジン,黄
○,02_043.png,2-43.png,2-43,第2弾ブースター,43,観阿弥,イジン,黄
○,02_044.png,2-44.png,2-44,第2弾ブースター,44,世阿弥,イジン,黄
○,02_045.png,2-45.png,2-45,第2弾ブースター,45,新井白石,イジン,黄
○,02_046.png,2-46.png,2-46,第2弾ブースター,46,孫夫人,イジン,黄
○,02_047.png,2-47.png,2-47,第2弾ブースター,47,法然,イジン,黄
○,02_048.png,2-48.png,2-48,第2弾ブースター,48,一遍,イジン,黄
○,02_049.png,2-49.png,2-49,第2弾ブースター,49,籠城戦,マリョク,赤
○,02_005.png,2-5.png,2-5,第2弾ブースター,5,親鸞,イジン,黄
○,02_050.png,2-50.png,2-50,第2弾ブースター,50,安宅船,ハイケイ,赤
○,02_051.png,2-51.png,2-51,第2弾ブースター,51,リヴァイアサン,ハイケイ,青
○,02_052.png,2-52.png,2-52,第2弾ブースター,52,ガレオン船,ハイケイ,青
○,02_053.png,2-53.png,2-53,第2弾ブースター,53,仁王,ハイケイ,緑
○,02_054.png,2-54.png,2-54,第2弾ブースター,54,蒸気機関車,ハイケイ,緑
○,02_055.png,2-55.png,2-55,第2弾ブースター,55,凱旋門,ハイケイ,黄
○,02_056.png,2-56.png,2-56,第2弾ブースター,56,三層の舎利殿,ハイケイ,黄
○,02_057.png,2-57.png,2-57,第2弾ブースター,57,スペクター,マホウ,赤
○,02_058.png,2-58.png,2-58,第2弾ブースター,58,クイック,マホウ,赤
○,02_059.png,2-59.png,2-59,第2弾ブースター,59,サモン,マホウ,赤
○,02_006.png,2-6.png,2-6,第2弾ブースター,6,ナポレオン・ボナパルト,イジン,黄
○,02_060.png,2-60.png,2-60,第2弾ブースター,60,フェイス,マホウ,青
○,02_061.png,2-61.png,2-61,第2弾ブースター,61,リドロー,マホウ,青
○,02_062.png,2-62.png,2-62,第2弾ブースター,62,テンペスト,マホウ,青
○,02_063.png,2-63.png,2-63,第2弾ブースター,63,ミューテイション,マホウ,緑
○,02_064.png,2-64.png,2-64,第2弾ブースター,64,ライブラリー,マホウ,緑
○,02_065.png,2-65.png,2-65,第2弾ブースター,65,チャージ,マホウ,緑
○,02_066.png,2-66.png,2-66,第2弾ブースター,66,カタストロフィ,マホウ,黄
○,02_067.png,2-67.png,2-67,第2弾ブースター,67,エクスキューション,マホウ,黄
○,02_068.png,2-68.png,2-68,第2弾ブースター,68,メロウ,マホウ,黄
○,02_069.png,2-69.png,2-69,第2弾ブースター,69,スカーレット,マホウ,黄
○,02_007.png,2-7.png,2-7,第2弾ブースター,7,日野富子,イジン,赤
○,02_070.png,2-70.png,2-70,第2弾ブースター,70,ピーコック,マホウ,黄
○,02_071.png,2-71.png,2-71,第2弾ブースター,71,シャトルーズ,マホウ,黄
○,02_072.png,2-72.png,2-72,第2弾ブースター,72,サンドグラス,マリョク,黄
○,02_073.png,2-73.png,2-73,第2弾ブースター,73,シルククローク,マリョク,黄
○,02_074.png,2-74.png,2-74,第2弾ブースター,74,イエローオーブ,マリョク,黄
○,02_075.png,2-75.png,2-75,第2弾ブースター,75,RYマーブルストーン,マリョク,赤/黄
○,02_076.png,2-76.png,2-76,第2弾ブースター,76,BYマーブルストーン,マリョク,青/黄
○,02_077.png,2-77.png,2-77,第2弾ブースター,77,GYマーブルストーン,マリョク,緑/黄
○,02_078.png,2-78.png,2-78,第2弾ブースター,78,RYマーブルオーブ,マリョク,赤/黄
○,02_079.png,2-79.png,2-79,第2弾ブースター,79,BYマーブルオーブ,マリョク,青/黄
○,02_008.png,2-8.png,2-8,第2弾ブースター,8,豊臣秀吉,イジン,赤
○,02_080.png,2-80.png,2-80,第2弾ブースター,80,GYマーブルオーブ,マリョク,緑/黄
○,02_009.png,2-9.png,2-9,第2弾ブースター,9,石田三成,イジン,赤
○,02_Y_001.png,2-Y-1.png,2-Y-1,三国の英傑デッキ,Y-1,諸葛亮,イジン,黄
○,02_Y_010.png,2-Y-10.png,2-Y-10,三国の英傑デッキ,Y-10,地上の紫微垣,ハイケイ,黄
○,02_Y_011.png,2-Y-11.png,2-Y-11,三国の英傑デッキ,Y-11,ネハン,マホウ,黄
○,02_Y_012.png,2-Y-12.png,2-Y-12,三国の英傑デッキ,Y-12,レクイエム,マホウ,黄
○,02_Y_013.png,2-Y-13.png,2-Y-13,三国の英傑デッキ,Y-13,イエローストーン,マリョク,黄
○,02_Y_002.png,2-Y-2.png,2-Y-2,三国の英傑デッキ,Y-2,今川義元,イジン,黄
○,02_Y_003.png,2-Y-3.png,2-Y-3,三国の英傑デッキ,Y-3,周瑜,イジン,黄
○,02_Y_004.png,2-Y-4.png,2-Y-4,三国の英傑デッキ,Y-4,孫権,イジン,黄
○,02_Y_005.png,2-Y-5.png,2-Y-5,三国の英傑デッキ,Y-5,シャクシャイン,イジン,黄
○,02_Y_006.png,2-Y-6.png,2-Y-6,三国の英傑デッキ,Y-6,フビライ・ハン,イジン,黄
○,02_Y_007.png,2-Y-7.png,2-Y-7,三国の英傑デッキ,Y-7,足利義教,イジン,黄
○,02_Y_008.png,2-Y-8.png,2-Y-8,三国の英傑デッキ,Y-8,ヴィジェ＝ルブラン,イジン,黄
○,02_Y_009.png,2-Y-9.png,2-Y-9,三国の英傑デッキ,Y-9,英傑集う大河,ハイケイ,黄
○,03_001.png,3-1.png,3-1,第3弾ブースター,1,宮本武蔵,イジン,赤
○,03_010.png,3-10.png,3-10,第3弾ブースター,10,武則天,イジン,紫
○,03_011.png,3-11.png,3-11,第3弾ブースター,11,ウィリアム・セシル,イジン,赤
○,03_012.png,3-12.png,3-12,第3弾ブースター,12,イーライ・ホイットニー,イジン,赤
○,03_013.png,3-13.png,3-13,第3弾ブースター,13,平賀源内,イジン,赤
○,03_014.png,3-14.png,3-14,第3弾ブースター,14,ジョージ・スチーブンソン,イジン,赤
○,03_015.png,3-15.png,3-15,第3弾ブースター,15,淀殿,イジン,赤
○,03_016.png,3-16.png,3-16,第3弾ブースター,16,ジョージ・ワシントン,イジン,赤
○,03_017.png,3-17.png,3-17,第3弾ブースター,17,大塩平八郎,イジン,赤
○,03_018.png,3-18.png,3-18,第3弾ブースター,18,水野忠邦,イジン,赤
○,03_019.png,3-19.png,3-19,第3弾ブースター,19,伊達政宗,イジン,青
○,03_002.png,3-2.png,3-2,第3弾ブースター,2,エリザベス1世,イジン,赤
○,03_020.png,3-20.png,3-20,第3弾ブースター,20,バルトロメウ=ディアス,イジン,青
○,03_021.png,3-21.png,3-21,第3弾ブースター,21,木戸孝允,イジン,青
○,03_022.png,3-22.png,3-22,第3弾ブースター,22,高杉晋作,イジン,青
○,03_023.png,3-23.png,3-23,第3弾ブースター,23,トマス・ニューコメン,イジン,青
○,03_024.png,3-24.png,3-24,第3弾ブースター,24,アダム・ラクスマン,イジン,青
○,03_025.png,3-25.png,3-25,第3弾ブースター,25,大黒屋光太夫,イジン,青
○,03_026.png,3-26.png,3-26,第3弾ブースター,26,ニコライ・レザノフ,イジン,青
○,03_027.png,3-27.png,3-27,第3弾ブースター,27,小野小町,イジン,緑
○,03_028.png,3-28.png,3-28,第3弾ブースター,28,松尾芭蕉,イジン,緑
○,03_029.png,3-29.png,3-29,第3弾ブースター,29,朱舜水,イジン,緑
○,03_003.png,3-3.png,3-3,第3弾ブースター,3,エンリケ航海王子,イジン,青
○,03_030.png,3-30.png,3-30,第3弾ブースター,30,井原西鶴,イジン,緑
○,03_031.png,3-31.png,3-31,第3弾ブースター,31,近松門左衛門,イジン,緑
○,03_032.png,3-32.png,3-32,第3弾ブースター,32,田沼意次,イジン,緑
○,03_033.png,3-33.png,3-33,第3弾ブースター,33,高野長英,イジン,緑
○,03_034.png,3-34.png,3-34,第3弾ブースター,34,菱川師宣,イジン,緑
○,03_035.png,3-35.png,3-35,第3弾ブースター,35,徳川吉宗,イジン,黄
○,03_036.png,3-36.png,3-36,第3弾ブースター,36,雪舟,イジン,黄
○,03_037.png,3-37.png,3-37,第3弾ブースター,37,俵屋宗達,イジン,黄
○,03_038.png,3-38.png,3-38,第3弾ブースター,38,司馬炎,イジン,黄
○,03_039.png,3-39.png,3-39,第3弾ブースター,39,井伊直弼,イジン,黄
○,03_004.png,3-4.png,3-4,第3弾ブースター,4,吉田松陰,イジン,青
○,03_040.png,3-40.png,3-40,第3弾ブースター,40,徳川家茂,イジン,黄
○,03_041.png,3-41.png,3-41,第3弾ブースター,41,松平定信,イジン,黄
○,03_042.png,3-42.png,3-42,第3弾ブースター,42,ルイス・キャロル,イジン,黄
○,03_043.png,3-43.png,3-43,第3弾ブースター,43,芹沢鴨,イジン,紫
○,03_044.png,3-44.png,3-44,第3弾ブースター,44,本居宣長,イジン,紫
○,03_045.png,3-45.png,3-45,第3弾ブースター,45,坂本龍馬,イジン,紫
○,03_046.png,3-46.png,3-46,第3弾ブースター,46,近藤勇,イジン,紫
○,03_047.png,3-47.png,3-47,第3弾ブースター,47,徳川慶喜,イジン,紫
○,03_048.png,3-48.png,3-48,第3弾ブースター,48,マシュー・カルブレイス・ペリー,イジン,紫
○,03_049.png,3-49.png,3-49,第3弾ブースター,49,タウンゼント・ハリス,イジン,紫
○,03_005.png,3-5.png,3-5,第3弾ブースター,5,徳川光圀,イジン,緑
○,03_050.png,3-50.png,3-50,第3弾ブースター,50,勝海舟,イジン,紫
○,03_051.png,3-51.png,3-51,第3弾ブースター,51,炎上がる天守閣,ハイケイ,赤
○,03_052.png,3-52.png,3-52,第3弾ブースター,52,天下分け目の主戦場,マリョク,赤
○,03_053.png,3-53.png,3-53,第3弾ブースター,53,永遠の帝都,ハイケイ,青
○,03_054.png,3-54.png,3-54,第3弾ブースター,54,暴風岬,ハイケイ,青
○,03_055.png,3-55.png,3-55,第3弾ブースター,55,商館並ぶ人工島,ハイケイ,緑
○,03_056.png,3-56.png,3-56,第3弾ブースター,56,志士の藩校,ハイケイ,緑
○,03_057.png,3-57.png,3-57,第3弾ブースター,57,風神雷神図,マリョク,黄
○,03_058.png,3-58.png,3-58,第3弾ブースター,58,茅葺き屋根の張出し舞台,ハイケイ,黄
○,03_059.png,3-59.png,3-59,第3弾ブースター,59,森閑たる離宮,ハイケイ,紫
○,03_006.png,3-6.png,3-6,第3弾ブースター,6,葛飾応為,イジン,緑
○,03_060.png,3-60.png,3-60,第3弾ブースター,60,黒船,ハイケイ,紫
○,03_061.png,3-61.png,3-61,第3弾ブースター,61,サンダーボルト,マホウ,赤
○,03_062.png,3-62.png,3-62,第3弾ブースター,62,パイロオーラ,マホウ,赤
○,03_063.png,3-63.png,3-63,第3弾ブースター,63,アイオン,ハイケイ,青
○,03_064.png,3-64.png,3-64,第3弾ブースター,64,ハイドロオーラ,マホウ,青
○,03_065.png,3-65.png,3-65,第3弾ブースター,65,ソーサリー,マリョク,緑
○,03_066.png,3-66.png,3-66,第3弾ブースター,66,クロロオーラ,マホウ,緑
○,03_067.png,3-67.png,3-67,第3弾ブースター,67,パシフィック,ハイケイ,黄
○,03_068.png,3-68.png,3-68,第3弾ブースター,68,ジオオーラ,マホウ,黄
○,03_069.png,3-69.png,3-69,第3弾ブースター,69,コーザリティ,ハイケイ,紫
○,03_007.png,3-7.png,3-7,第3弾ブースター,7,曹丕,イジン,黄
○,03_070.png,3-70.png,3-70,第3弾ブースター,70,エアロオーラ,マホウ,紫
○,03_071.png,3-71.png,3-71,第3弾ブースター,71,喜びの種,マリョク,赤
○,03_072.png,3-72.png,3-72,第3弾ブースター,72,怖れの種,マリョク,青
○,03_073.png,3-73.png,3-73,第3弾ブースター,73,怒りの種,マリョク,緑
○,03_074.png,3-74.png,3-74,第3弾ブースター,74,苦しみの種,マリョク,黄
○,03_075.png,3-75.png,3-75,第3弾ブースター,75,悲しみの種,マリョク,紫
○,03_076.png,3-76.png,3-76,第3弾ブースター,76,ダンダラ羽織,ハイケイ,紫
○,03_077.png,3-77.png,3-77,第3弾ブースター,77,遁甲盤,マリョク,無
○,03_078.png,3-78.png,3-78,第3弾ブースター,78,ホムンクルス,ハイケイ,無
○,03_079.png,3-79.png,3-79,第3弾ブースター,79,ストーンマスク,ハイケイ,無
○,03_008.png,3-8.png,3-8,第3弾ブースター,8,ジェーン・オースティン,イジン,黄
○,03_080.png,3-80.png,3-80,第3弾ブースター,80,オブシディアン,ハイケイ,無
○,03_081.png,3-81.png,3-81,第3弾ブースター,81,土方歳三,イジン,紫
○,03_009.png,3-9.png,3-9,第3弾ブースター,9,土方歳三,イジン,紫
○,03_P_001.png,3-P-1.png,3-P-1,発展する医学,P-1,マリ・キュリー,イジン,紫
○,03_P_010.png,3-P-10.png,3-P-10,発展する医学,P-10,浪士集う長屋,ハイケイ,紫
○,03_P_011.png,3-P-11.png,3-P-11,発展する医学,P-11,スピリットアウェイ,マホウ,紫
○,03_P_012.png,3-P-12.png,3-P-12,発展する医学,P-12,タイムディレイション,マリョク,紫
○,03_P_013.png,3-P-13.png,3-P-13,発展する医学,P-13,ハンドミラー,マリョク,紫
○,03_P_014.png,3-P-14.png,3-P-14,発展する医学,P-14,ブラックブレイド,ハイケイ,紫
○,03_P_015.png,3-P-15.png,3-P-15,発展する医学,P-15,パープルオーブ,マリョク,紫
○,03_P_016.png,3-P-16.png,3-P-16,発展する医学,P-16,パープルストーン,マリョク,無
○,03_P_002.png,3-P-2.png,3-P-2,発展する医学,P-2,篤姫,イジン,紫
○,03_P_003.png,3-P-3.png,3-P-3,発展する医学,P-3,李成桂,イジン,紫
○,03_P_004.png,3-P-4.png,3-P-4,発展する医学,P-4,杉田玄白,イジン,紫
○,03_P_005.png,3-P-5.png,3-P-5,発展する医学,P-5,渡辺崋山,イジン,紫
○,03_P_006.png,3-P-6.png,3-P-6,発展する医学,P-6,緒方洪庵,イジン,紫
○,03_P_007.png,3-P-7.png,3-P-7,発展する医学,P-7,岡田以蔵,イジン,紫
○,03_P_008.png,3-P-8.png,3-P-8,発展する医学,P-8,クララ・バートン,イジン,紫
○,03_P_009.png,3-P-9.png,3-P-9,発展する医学,P-9,虎狼痢,ハイケイ,紫
○,04_001.png,4-1.png,4-1,第4弾,1,西郷隆盛,イジン,赤
○,04_010.png,4-10.png,4-10,第4弾,10,カール大帝,イジン,紫
○,04_011.png,4-11.png,4-11,第4弾,11,島津斉彬,イジン,赤
○,04_012.png,4-12.png,4-12,第4弾,12,島津久光,イジン,赤
○,04_013.png,4-13.png,4-13,第4弾,13,大久保利通,イジン,赤
○,04_014.png,4-14.png,4-14,第4弾,14,ジェームズ・ハーグリーブズ,イジン,赤
○,04_015.png,4-15.png,4-15,第4弾,15,ねね,イジン,赤
○,04_016.png,4-16.png,4-16,第4弾,16,源為朝,イジン,赤
○,04_017.png,4-17.png,4-17,第4弾,17,久坂玄瑞,イジン,青
○,04_018.png,4-18.png,4-18,第4弾,18,ポンパドゥール夫人,イジン,青
○,04_019.png,4-19.png,4-19,第4弾,19,エドモンド・カートライト,イジン,青
○,04_002.png,4-2.png,4-2,第4弾,2,リチャード・アークライト,イジン,赤
○,04_020.png,4-20.png,4-20,第4弾,20,クロード・アシル・ドビュッシー,イジン,青
○,04_021.png,4-21.png,4-21,第4弾,21,フレデリック・フランソワ・ショパン,イジン,青
○,04_022.png,4-22.png,4-22,第4弾,22,ピョートル・イリイチ・チャイコフスキー,イジン,青
○,04_023.png,4-23.png,4-23,第4弾,23,岩倉具視,イジン,緑
○,04_024.png,4-24.png,4-24,第4弾,24,クララ・ヨゼフィーネ・シューマン,イジン,緑
○,04_025.png,4-25.png,4-25,第4弾,25,間宮林蔵,イジン,緑
○,04_026.png,4-26.png,4-26,第4弾,26,徳川斉昭,イジン,緑
○,04_027.png,4-27.png,4-27,第4弾,27,鈴木春信,イジン,緑
○,04_028.png,4-28.png,4-28,第4弾,28,歌川広重,イジン,緑
○,04_029.png,4-29.png,4-29,第4弾,29,松平容保,イジン,黄
○,04_003.png,4-3.png,4-3,第4弾,3,アンナ・パブロワ,イジン,青
○,04_030.png,4-30.png,4-30,第4弾,30,新島八重,イジン,黄
○,04_031.png,4-31.png,4-31,第4弾,31,尾形光琳,イジン,黄
○,04_032.png,4-32.png,4-32,第4弾,32,滝沢馬琴,イジン,黄
○,04_033.png,4-33.png,4-33,第4弾,33,メアリー・ゴドウィン・シェリー,イジン,黄
○,04_034.png,4-34.png,4-34,第4弾,34,西郷頼母,イジン,黄
○,04_035.png,4-35.png,4-35,第4弾,35,沖田総司,イジン,紫
○,04_036.png,4-36.png,4-36,第4弾,36,ジョバンニ＝ディ＝メディチ,イジン,紫
○,04_037.png,4-37.png,4-37,第4弾,37,フローレンス・ナイチンゲール,イジン,紫
○,04_038.png,4-38.png,4-38,第4弾,38,ミシェル・ノストラダムス,イジン,紫
○,04_039.png,4-39.png,4-39,第4弾,39,ヴィルヘルム・コンラート・レントゲン,イジン,紫
○,04_004.png,4-4.png,4-4,第4弾,4,ルイ14世,イジン,青
○,04_040.png,4-40.png,4-40,第4弾,40,榎本武揚,イジン,紫
○,04_041.png,4-41.png,4-41,第4弾,41,無礼打,ハイケイ,赤
○,04_042.png,4-42.png,4-42,第4弾,42,紡績工場,マリョク,赤
○,04_043.png,4-43.png,4-43,第4弾,43,火と氷の大地,ハイケイ,青
○,04_044.png,4-44.png,4-44,第4弾,44,落日の王宮,ハイケイ,青
○,04_045.png,4-45.png,4-45,第4弾,45,遣外使節団,ハイケイ,緑
○,04_046.png,4-46.png,4-46,第4弾,46,大日本沿海輿地全図,ハイケイ,緑
○,04_047.png,4-47.png,4-47,第4弾,47,マザーグース,ハイケイ,黄
○,04_048.png,4-48.png,4-48,第4弾,48,遠征軍,ハイケイ,黄
○,04_049.png,4-49.png,4-49,第4弾,49,蝦夷共和国,ハイケイ,紫
○,04_005.png,4-5.png,4-5,第4弾,5,藤原不比等,イジン,緑
○,04_050.png,4-50.png,4-50,第4弾,50,喀血の流行り病,ハイケイ,紫
○,04_051.png,4-51.png,4-51,第4弾,51,カーバナイズ,マホウ,赤
○,04_052.png,4-52.png,4-52,第4弾,52,ソーラーフレア,ハイケイ,赤
○,04_053.png,4-53.png,4-53,第4弾,53,フール,ハイケイ,青
○,04_054.png,4-54.png,4-54,第4弾,54,ドロレス,マホウ,青
○,04_055.png,4-55.png,4-55,第4弾,55,デュエル,ハイケイ,緑
○,04_056.png,4-56.png,4-56,第4弾,56,サーベイング,マホウ,緑
○,04_057.png,4-57.png,4-57,第4弾,57,ソレイユ,マリョク,黄
○,04_058.png,4-58.png,4-58,第4弾,58,ルーナ,マリョク,黄
○,04_059.png,4-59.png,4-59,第4弾,59,リユニオン,マホウ,紫
○,04_006.png,4-6.png,4-6,第4弾,6,伊能忠敬,イジン,緑
○,04_060.png,4-60.png,4-60,第4弾,60,ドッペルゲンガー,マホウ,紫
○,04_061.png,4-61.png,4-61,第4弾,61,ソリッドビジョンα,マホウ,無
○,04_062.png,4-62.png,4-62,第4弾,62,ソリッドビジョンδ,マホウ,無
○,04_063.png,4-63.png,4-63,第4弾,63,ソリッドビジョンΩ,マホウ,無
○,04_064.png,4-64.png,4-64,第4弾,64,ソリッドビジョンβ,マホウ,無
○,04_065.png,4-65.png,4-65,第4弾,65,ソリッドビジョンγ,マホウ,無
○,04_066.png,4-66.png,4-66,第4弾,66,遁甲式烈火,ハイケイ,赤
○,04_067.png,4-67.png,4-67,第4弾,67,レッドサークル,ハイケイ,赤
○,04_068.png,4-68.png,4-68,第4弾,68,遁甲式水鏡,ハイケイ,青
○,04_069.png,4-69.png,4-69,第4弾,69,ブルーサークル,ハイケイ,青
○,04_007.png,4-7.png,4-7,第4弾,7,アリエノール・ダキテーヌ,イジン,黄
○,04_070.png,4-70.png,4-70,第4弾,70,遁甲式木蓮,ハイケイ,緑
○,04_071.png,4-71.png,4-71,第4弾,71,グリーンサークル,ハイケイ,緑
○,04_072.png,4-72.png,4-72,第4弾,72,ラ・コロール,マリョク,黄
○,04_073.png,4-73.png,4-73,第4弾,73,イエローサークル,ハイケイ,黄
○,04_074.png,4-74.png,4-74,第4弾,74,ディ・クローネ,マリョク,紫
○,04_075.png,4-75.png,4-75,第4弾,75,パープルサークル,ハイケイ,紫
○,04_076.png,4-76.png,4-76,第4弾,76,トランスポーター,マリョク,無
○,04_077.png,4-77.png,4-77,第4弾,77,アセイミー,マリョク,無
○,04_078.png,4-78.png,4-78,第4弾,78,ホプロン,ハイケイ,無
○,04_079.png,4-79.png,4-79,第4弾,79,ピクシーダスト,マリョク,無
○,04_008.png,4-8.png,4-8,第4弾,8,アルキメデス,イジン,黄
○,04_080.png,4-80.png,4-80,第4弾,80,カルドロン,マリョク,無
○,04_081.png,4-81.png,4-81,第4弾,81,カール大帝,イジン,紫
○,04_009.png,4-9.png,4-9,第4弾,9,レオニダス,イジン,紫
○,05_001.png,5-1.png,5-1,第5弾,1,武田信玄,イジン,赤
○,05_010.png,5-10.png,5-10,第5弾,10,渋沢栄一,イジン,紫
○,05_100.png,5-100.png,5-100,第5弾,100,パープルオーブ,マリョク,紫
○,05_101.png,5-101.png,5-101,第5弾,101,熒惑のピラー,ハイケイ,赤
○,05_102.png,5-102.png,5-102,第5弾,102,辰星のピラー,ハイケイ,青
○,05_103.png,5-103.png,5-103,第5弾,103,歳星のピラー,ハイケイ,緑
○,05_104.png,5-104.png,5-104,第5弾,104,鎮星のピラー,ハイケイ,黄
○,05_105.png,5-105.png,5-105,第5弾,105,太白のピラー,ハイケイ,紫
○,05_106.png,5-106.png,5-106,第5弾,106,チャルカ,マリョク,無
○,05_107.png,5-107.png,5-107,第5弾,107,オリーブの枝,ハイケイ,無
○,05_108.png,5-108.png,5-108,第5弾,108,ギルデッドグース,ハイケイ,無
○,05_109.png,5-109.png,5-109,第5弾,109,ハースストーン,マリョク,無
○,05_011.png,5-11.png,5-11,第5弾,11,坂上田村麻呂,イジン,赤
○,05_110.png,5-110.png,5-110,第5弾,110,武田信玄,イジン,赤
○,05_111.png,5-111.png,5-111,第5弾,111,ヴィクトリア女王,イジン,赤
○,05_012.png,5-12.png,5-12,第5弾,12,ウィリアム・グラッドストン,イジン,赤
○,05_013.png,5-13.png,5-13,第5弾,13,柴田勝家,イジン,赤
○,05_014.png,5-14.png,5-14,第5弾,14,フィリッポス2世,イジン,赤
○,05_015.png,5-15.png,5-15,第5弾,15,相馬義胤,イジン,赤
○,05_016.png,5-16.png,5-16,第5弾,16,サミュエル・クロンプトン,イジン,赤
○,05_017.png,5-17.png,5-17,第5弾,17,真田信繁,イジン,赤
○,05_018.png,5-18.png,5-18,第5弾,18,黒田官兵衛,イジン,赤
○,05_019.png,5-19.png,5-19,第5弾,19,アレクサンドロス大王,イジン,赤
○,05_002.png,5-2.png,5-2,第5弾,2,ヴィクトリア女王,イジン,赤
○,05_020.png,5-20.png,5-20,第5弾,20,アリストテレス,イジン,赤
○,05_021.png,5-21.png,5-21,第5弾,21,ジャン・カルヴァン,イジン,青
○,05_022.png,5-22.png,5-22,第5弾,22,フランソワ1世,イジン,青
○,05_023.png,5-23.png,5-23,第5弾,23,ジャック・カルティエ,イジン,青
○,05_024.png,5-24.png,5-24,第5弾,24,フアン・セバスティアン・エルカーノ,イジン,青
○,05_025.png,5-25.png,5-25,第5弾,25,片倉景綱,イジン,青
○,05_026.png,5-26.png,5-26,第5弾,26,デジデリウス・エラスムス,イジン,青
○,05_027.png,5-27.png,5-27,第5弾,27,アンリ4世,イジン,青
○,05_028.png,5-28.png,5-28,第5弾,28,愛姫,イジン,青
○,05_029.png,5-29.png,5-29,第5弾,29,フェルディナンド・マゼラン,イジン,青
○,05_003.png,5-3.png,5-3,第5弾,3,カトリーヌ・ド・メディシス,イジン,青
○,05_030.png,5-30.png,5-30,第5弾,30,最上義光,イジン,青
○,05_031.png,5-31.png,5-31,第5弾,31,卑弥呼,イジン,緑
○,05_032.png,5-32.png,5-32,第5弾,32,壱与,イジン,緑
○,05_033.png,5-33.png,5-33,第5弾,33,与謝蕪村,イジン,緑
○,05_034.png,5-34.png,5-34,第5弾,34,徳川秀忠,イジン,緑
○,05_035.png,5-35.png,5-35,第5弾,35,小林一茶,イジン,緑
○,05_036.png,5-36.png,5-36,第5弾,36,佐久間象山,イジン,緑
○,05_037.png,5-37.png,5-37,第5弾,37,伊藤博文,イジン,緑
○,05_038.png,5-38.png,5-38,第5弾,38,小林虎三郎,イジン,緑
○,05_039.png,5-39.png,5-39,第5弾,39,最澄,イジン,緑
○,05_004.png,5-4.png,5-4,第5弾,4,ティムール,イジン,青
○,05_040.png,5-40.png,5-40,第5弾,40,ホンタイジ,イジン,緑
○,05_041.png,5-41.png,5-41,第5弾,41,今川義元,イジン,黄
○,05_042.png,5-42.png,5-42,第5弾,42,太原雪斎,イジン,黄
○,05_043.png,5-43.png,5-43,第5弾,43,北条氏康,イジン,黄
○,05_044.png,5-44.png,5-44,第5弾,44,北条早雲,イジン,黄
○,05_045.png,5-45.png,5-45,第5弾,45,ルイス・ヘンリー・モーガン,イジン,黄
○,05_046.png,5-46.png,5-46,第5弾,46,項羽,イジン,黄
○,05_047.png,5-47.png,5-47,第5弾,47,韓信,イジン,黄
○,05_048.png,5-48.png,5-48,第5弾,48,フリードリヒ・エンゲルス,イジン,黄
○,05_049.png,5-49.png,5-49,第5弾,49,フビライ・ハン,イジン,黄
○,05_005.png,5-5.png,5-5,第5弾,5,福沢諭吉,イジン,緑
○,05_050.png,5-50.png,5-50,第5弾,50,孫策,イジン,黄
○,05_051.png,5-51.png,5-51,第5弾,51,三好長慶,イジン,紫
○,05_052.png,5-52.png,5-52,第5弾,52,松永久秀,イジン,紫
○,05_053.png,5-53.png,5-53,第5弾,53,大隈重信,イジン,紫
○,05_054.png,5-54.png,5-54,第5弾,54,陸奥宗光,イジン,紫
○,05_055.png,5-55.png,5-55,第5弾,55,小村寿太郎,イジン,紫
○,05_056.png,5-56.png,5-56,第5弾,56,井上馨,イジン,紫
○,05_057.png,5-57.png,5-57,第5弾,57,中岡慎太郎,イジン,紫
○,05_058.png,5-58.png,5-58,第5弾,58,和宮,イジン,紫
○,05_059.png,5-59.png,5-59,第5弾,59,岡田以蔵,イジン,紫
○,05_006.png,5-6.png,5-6,第5弾,6,春日局,イジン,緑
○,05_060.png,5-60.png,5-60,第5弾,60,篤姫,イジン,紫
○,05_061.png,5-61.png,5-61,第5弾,61,風林火山,ハイケイ,赤
○,05_062.png,5-62.png,5-62,第5弾,62,クリスタル・パレス,ハイケイ,赤
○,05_063.png,5-63.png,5-63,第5弾,63,神剣眠る氏社,マリョク,赤
○,05_064.png,5-64.png,5-64,第5弾,64,蘇る青の都,ハイケイ,青
○,05_065.png,5-65.png,5-65,第5弾,65,二重螺旋階段,ハイケイ,青
○,05_066.png,5-66.png,5-66,第5弾,66,革命の広場,ハイケイ,青
○,05_067.png,5-67.png,5-67,第5弾,67,禁制の御殿,ハイケイ,緑
○,05_068.png,5-68.png,5-68,第5弾,68,米百俵,ハイケイ,緑
○,05_069.png,5-69.png,5-69,第5弾,69,毘盧遮那仏像,ハイケイ,緑
○,05_007.png,5-7.png,5-7,第5弾,7,劉邦,イジン,黄
○,05_070.png,5-70.png,5-70,第5弾,70,精霊の島々,ハイケイ,黄
○,05_071.png,5-71.png,5-71,第5弾,71,四面楚歌,ハイケイ,黄
○,05_072.png,5-72.png,5-72,第5弾,72,地上の紫微垣,ハイケイ,黄
○,05_073.png,5-73.png,5-73,第5弾,73,擬洋風建築,ハイケイ,紫
○,05_074.png,5-74.png,5-74,第5弾,74,渡川の陣,ハイケイ,紫
○,05_075.png,5-75.png,5-75,第5弾,75,モダンアートの殿堂,ハイケイ,紫
○,05_076.png,5-76.png,5-76,第5弾,76,キリング,マホウ,赤
○,05_077.png,5-77.png,5-77,第5弾,77,ブリッツ,マホウ,赤
○,05_078.png,5-78.png,5-78,第5弾,78,ロイヤリティ,マホウ,赤
○,05_079.png,5-79.png,5-79,第5弾,79,ワールド,マホウ,青
○,05_008.png,5-8.png,5-8,第5弾,8,ソクラテス,イジン,黄
○,05_080.png,5-80.png,5-80,第5弾,80,ハリケーン,マホウ,青
○,05_081.png,5-81.png,5-81,第5弾,81,ドローイング,マホウ,青
○,05_082.png,5-82.png,5-82,第5弾,82,ペトリファイ,マホウ,緑
○,05_083.png,5-83.png,5-83,第5弾,83,マナ,マホウ,緑
○,05_084.png,5-84.png,5-84,第5弾,84,ギャザリング,マホウ,緑
○,05_085.png,5-85.png,5-85,第5弾,85,デストルドー,マホウ,黄
○,05_086.png,5-86.png,5-86,第5弾,86,ドシャカジ,マホウ,黄
○,05_087.png,5-87.png,5-87,第5弾,87,レクイエム,ハイケイ,黄
○,05_088.png,5-88.png,5-88,第5弾,88,ショーダウン,マホウ,紫
○,05_089.png,5-89.png,5-89,第5弾,89,ナイトメア,マホウ,紫
○,05_009.png,5-9.png,5-9,第5弾,9,長宗我部元親,イジン,紫
○,05_090.png,5-90.png,5-90,第5弾,90,クリアボヤンス,マホウ,紫
○,05_091.png,5-91.png,5-91,第5弾,91,レッドストーン,マリョク,赤
○,05_092.png,5-92.png,5-92,第5弾,92,ブルーストーン,マリョク,青
○,05_093.png,5-93.png,5-93,第5弾,93,グリーンストーン,マリョク,緑
○,05_094.png,5-94.png,5-94,第5弾,94,イエローストーン,マリョク,黄
○,05_095.png,5-95.png,5-95,第5弾,95,パープルストーン,マリョク,紫
○,05_096.png,5-96.png,5-96,第5弾,96,レッドオーブ,マリョク,赤
○,05_097.png,5-97.png,5-97,第5弾,97,ブルーオーブ,マリョク,青
○,05_098.png,5-98.png,5-98,第5弾,98,グリーンオーブ,マリョク,緑
○,05_099.png,5-99.png,5-99,第5弾,99,イエローオーブ,マリョク,黄
○,06_001.png,6-1.png,6-1,第6弾,1,ルートヴィヒ・ヴァン・ベートーヴェン,イジン,赤
○,06_010.png,6-10.png,6-10,第6弾,10,安倍晴明,イジン,紫
○,06_011.png,6-11.png,6-11,第6弾,11,ベンジャミン・ディズレーリ,イジン,赤
○,06_012.png,6-12.png,6-12,第6弾,12,ジョン・ハンター,イジン,赤
○,06_013.png,6-13.png,6-13,第6弾,13,武田信虎,イジン,赤
○,06_014.png,6-14.png,6-14,第6弾,14,アントワーヌ・ラヴォアジエ,イジン,青
○,06_015.png,6-15.png,6-15,第6弾,15,トマス・モア,イジン,青
○,06_016.png,6-16.png,6-16,第6弾,16,ニッコロ・マキャヴェッリ,イジン,青
○,06_017.png,6-17.png,6-17,第6弾,17,本多正信,イジン,緑
○,06_018.png,6-18.png,6-18,第6弾,18,董仲舒,イジン,緑
○,06_019.png,6-19.png,6-19,第6弾,19,本阿弥光悦,イジン,緑
○,06_002.png,6-2.png,6-2,第6弾,2,前田慶次,イジン,赤
○,06_020.png,6-20.png,6-20,第6弾,20,プラトン,イジン,黄
○,06_021.png,6-21.png,6-21,第6弾,21,ルスティケロ・ダ・ピサ,イジン,黄
○,06_022.png,6-22.png,6-22,第6弾,22,ピエール＝シモン・ラプラス,イジン,黄
○,06_023.png,6-23.png,6-23,第6弾,23,ロベルト・コッホ,イジン,紫
○,06_024.png,6-24.png,6-24,第6弾,24,ジェームズ・クラーク・マクスウェル,イジン,紫
○,06_025.png,6-25.png,6-25,第6弾,25,賀茂保憲,イジン,紫
○,06_026.png,6-26.png,6-26,第6弾,26,前田利家,イジン,赤
○,06_027.png,6-27.png,6-27,第6弾,27,クリスティアン・ゴットロープ・ネーフェ,イジン,赤
○,06_028.png,6-28.png,6-28,第6弾,28,エドワード・ジェンナー,イジン,赤
○,06_029.png,6-29.png,6-29,第6弾,29,ガイウス・ユリウス・カエサル,イジン,赤
○,06_003.png,6-3.png,6-3,第6弾,3,空海,イジン,青
○,06_030.png,6-30.png,6-30,第6弾,30,恵果,イジン,青
○,06_031.png,6-31.png,6-31,第6弾,31,チェーザレ・ボルジア,イジン,青
○,06_032.png,6-32.png,6-32,第6弾,32,チンギス・ハン,イジン,青
○,06_033.png,6-33.png,6-33,第6弾,33,煬帝,イジン,青
○,06_034.png,6-34.png,6-34,第6弾,34,李陵,イジン,緑
○,06_035.png,6-35.png,6-35,第6弾,35,太田道灌,イジン,緑
○,06_036.png,6-36.png,6-36,第6弾,36,中江藤樹,イジン,緑
○,06_037.png,6-37.png,6-37,第6弾,37,行基,イジン,緑
○,06_038.png,6-38.png,6-38,第6弾,38,ニッコロ・ポーロ,イジン,黄
○,06_039.png,6-39.png,6-39,第6弾,39,ウィリアム・ハーシェル,イジン,黄
○,06_004.png,6-4.png,6-4,第6弾,4,玄奘,イジン,青
○,06_040.png,6-40.png,6-40,第6弾,40,ジル・ド・レ,イジン,黄
○,06_041.png,6-41.png,6-41,第6弾,41,マイケル・ファラデー,イジン,紫
○,06_042.png,6-42.png,6-42,第6弾,42,北里柴三郎,イジン,紫
○,06_043.png,6-43.png,6-43,第6弾,43,ダヴィド・ソスラン,イジン,紫
○,06_044.png,6-44.png,6-44,第6弾,44,殿,ハイケイ,赤
○,06_045.png,6-45.png,6-45,第6弾,45,阿頼耶識,ハイケイ,青
○,06_046.png,6-46.png,6-46,第6弾,46,天下泰平の御城,マリョク,緑
○,06_047.png,6-47.png,6-47,第6弾,47,払暁の城壁,ハイケイ,黄
○,06_048.png,6-48.png,6-48,第6弾,48,黄金時代,ハイケイ,紫
○,06_049.png,6-49.png,6-49,第6弾,49,ピースメーカー,マホウ,赤
○,06_005.png,6-5.png,6-5,第6弾,5,司馬遷,イジン,緑
○,06_050.png,6-50.png,6-50,第6弾,50,リザレクション,マホウ,青
○,06_051.png,6-51.png,6-51,第6弾,51,スパイク,ハイケイ,緑
○,06_052.png,6-52.png,6-52,第6弾,52,リンボ,ハイケイ,黄
○,06_053.png,6-53.png,6-53,第6弾,53,テーブルターニング,マホウ,紫
○,06_054.png,6-54.png,6-54,第6弾,54,プライド,ハイケイ,無
○,06_055.png,6-55.png,6-55,第6弾,55,ラース,マホウ,無
○,06_056.png,6-56.png,6-56,第6弾,56,グラトニー,ハイケイ,無
○,06_057.png,6-57.png,6-57,第6弾,57,スロース,ハイケイ,無
○,06_058.png,6-58.png,6-58,第6弾,58,エンビー,マホウ,無
○,06_059.png,6-59.png,6-59,第6弾,59,グリード,マホウ,無
○,06_006.png,6-6.png,6-6,第6弾,6,徳川家康,イジン,緑
○,06_060.png,6-60.png,6-60,第6弾,60,ヒエロスガモス,マリョク,赤/黄
○,06_061.png,6-61.png,6-61,第6弾,61,ヒエロスガモス,マリョク,赤/緑
○,06_062.png,6-62.png,6-62,第6弾,62,ヒエロスガモス,マリョク,青/緑
○,06_063.png,6-63.png,6-63,第6弾,63,ヒエロスガモス,マリョク,青/紫
○,06_064.png,6-64.png,6-64,第6弾,64,ヒエロスガモス,マリョク,黄/紫
○,06_065.png,6-65.png,6-65,第6弾,65,カンテラ,マリョク,赤
○,06_066.png,6-66.png,6-66,第6弾,66,ウォーターポット,マリョク,青
○,06_067.png,6-67.png,6-67,第6弾,67,ポプリ,マリョク,緑
○,06_068.png,6-68.png,6-68,第6弾,68,サンドグラス,マリョク,黄
○,06_069.png,6-69.png,6-69,第6弾,69,ハンドミラー,マリョク,紫
○,06_007.png,6-7.png,6-7,第6弾,7,ジャンヌ・ダルク,イジン,黄
○,06_070.png,6-70.png,6-70,第6弾,70,キャビネット,マリョク,無
○,06_071.png,6-71.png,6-71,第6弾,71,アルケミーストーン,マリョク,無
○,06_072.png,6-72.png,6-72,第6弾,72,プリズム,マリョク,無
○,06_073.png,6-73.png,6-73,第6弾,73,聖人の蹄鉄,ハイケイ,無
○,06_074.png,6-74.png,6-74,第6弾,74,玄奘,イジン,青
○,06_075.png,6-75.png,6-75,第6弾,75,安倍晴明,イジン,紫
○,06_008.png,6-8.png,6-8,第6弾,8,マルコ＝ポーロ,イジン,黄
○,06_009.png,6-9.png,6-9,第6弾,9,タマル王,イジン,紫
